format,five_star_category
a-qgis,machine readable
asp,machine readable
asx,machine readable
BMP,machine readable
dBase,machine readable
dgn,machine readable
DOC,machine readable
DOCX,machine readable
dwg,machine readable
eap,machine readable
esri,machine readable
Esri REST,machine readable
KML,machine readable
kml/kmz,machine readable
KMZ,machine readable
MDB,machine readable
ODS,machine readable
PDF,machine readable
pdf.zip,machine readable
px,machine readable
qgs,machine readable
qpj,machine readable
q-qgis,machine readable
sbn,machine readable
sbx,machine readable
TIFF,machine readable
WFS,machine readable
XL,machine readable
XLS,machine readable
XLSX,machine readable
XML,machine readable
xml / zip,machine readable
xml+gml,machine readable
xqgis,machine readable
xqis,machine readable
NA,NA
null,NA
.html,non-proprietary format
API,non-proprietary format
api,non-proprietary format
CSV,non-proprietary format
csv / zip,non-proprietary format
csv.zip,non-proprietary format
GTFS,non-proprietary format
HTML,non-proprietary format
JSON,non-proprietary format
json-stat,non-proprietary format
NetCDF,non-proprietary format
ODT,non-proprietary format
tab,non-proprietary format
tab delimited,non-proprietary format
tab separated values,non-proprietary format
tab.zip,non-proprietary format
tab-separated-values,non-proprietary format
text.html,non-proprietary format
TSV,non-proprietary format
TXT,non-proprietary format
url,non-proprietary format
URL,non-proprietary format
WMS,non-proprietary format
WMTS,non-proprietary format
xsd,non-proprietary format
JPEG,on the web
.shp,RDF
geo+json,RDF
GeoJSON,RDF
GML,RDF
gml,RDF
RDF,RDF
rdf-xml,RDF
shape file,RDF
shapefiles,RDF
SHP,RDF
SHP / Zip,RDF
shp / zip,RDF
shp.zip,RDF
shx,RDF
ttl,RDF
5 2011.csv,unknown
5 2011_p20110609-1245.xls,unknown
5 2011_p20110929-1046.csv,unknown
5 2012.csv,unknown
airo.maynoothuniversity.ie,unknown
dashboard,unknown
dat,unknown
data download,unknown
data viewer,unknown
get json,unknown
id,unknown
map,unknown
mapinfo.zip,unknown
mapviewer,unknown
ogc:wfs-1.0.0-http-get-capabilities,unknown
ogc:wms-1.3.0-http-get-capabilities,unknown
plain,unknown
prj,unknown
rest service,unknown
restservice,unknown
view 3d models,unknown
vnd.esri-fgdb,unknown
vnd.esri-grid-format,unknown
vnd.google-earth,unknown
website,unknown
zip,unknown
ZIP,unknown
WFS_SRVC,machine readable
WMS_SRVC,machine readable
RDF_XML,RDF
MAP_SRVC,machine readable
MAP_PRVW,machine readable
ATOM,non-proprietary format
TAR_XZ,non-proprietary format
PNG,on the web
SCHEMA_XML,RDF
PPT,machine readable
RDF_TURTLE,RDF
PPSX,machine readable
SKOS_XML,RDF
RSS,non-proprietary format
RTF,machine readable
PPTX,machine readable
PDFFA1A,machine readable
GDB,machine readable
odata,non-proprietary format
*.xlsx,machine readable
"csv, xls",non-proprietary format
exsell,non-proprietary format
.csv,non-proprietary format
OData,non-proprietary format
ODATA,non-proprietary format
SAV,machine readable
"CSV, XLS",non-proprietary format
"XLS,",non-proprietary format
gdb,machine readable
.xls,machine readable
xps,non-proprietary format
dta,machine readable
zsav,machine readable
.xlsx,machine readable
cpg,machine readable
geotiff,non-proprietary format
RAR,unknown
excel (.xlsx),machine readable
<U+0441>sv,unknown
<U+0445>ls,unknown
<U+0445>lsx,unknown
xslx,machine readable
".doc, .docx",machine readable
"xlsx, csv",machine readable
.docx,machine readable
.doc,machine readable
dok,machine readable
exel,machine readable
xls xlsx,machine readable
doc(x),machine readable
xmi,RDF
microsoft excel,machine readable
application/rtf,machine readable
"doc(x), xls(x), zip",machine readable
7z,unknown
"RTF, ZIP",machine readable
.pdf,machine readable
"xls, xlsx",machine readable
cvs,non-proprietary format
"xls(x), csv, ods",non-proprietary format
<U+0445><U+043C>l,unknown
Exl,machine readable
xlxs,machine readable
<U+0435><U+0445>el,unknown
word,machine readable
.xls<U+0445> .zip,machine readable
xlsx zip,machine readable
"7z,xlsx",machine readable
XSL,machine readable
<U+0445>ml,unknown
7Z,unknown
"csv, zip",non-proprietary format
"zip, xls",machine readable
<U+0421>SV,unknown
.rtf,machine readable
XLS(X),machine readable
<U+043E>ds,unknown
xls(x),machine readable
doxs,machine readable
.xml,non-proprietary format
microsoft office word,machine readable
EXE,machine readable
<U+0437><U+0432><U+0435><U+0434><U+0435><U+043D><U+0438><U+0439> <U+043F><U+0435><U+0440><U+0435><U+043B><U+0456><U+043A>,unknown
"rtf, zip",machine readable
"xls, xlsx, zip",machine readable
"xlsx, zip",machine readable
"XLS, DOC, DOCX, ZIP",machine readable
xtml,non-proprietary format
.jpg,on the web
"doc, xls, zip",machine readable
"doc, zip",machine readable
"doc(x), xls (x), csv",machine readable
.zip,unknown
"xls,zip",machine readable
"xls, zip",machine readable
<U+043F><U+043E><U+0441><U+0438><U+043B><U+0430><U+043D><U+043D><U+044F>,unknown
.ods,machine readable
<U+0445>l,unknown
xlb,machine readable
.zip .xlsx,machine readable
microsoft office excel,machine readable
7z*,unknown
"csv, xml, zip",non-proprietary format
Microsoft Office Word,machine readable
json-ld,RDF
"xls, csv",non-proprietary format
"XLSX, ZIP",machine readable
"CSV, ZIP",non-proprietary format
"rtf,zip,xlsx",machine readable
microsoft word,machine readable
"doc,xml",machine readable
"xml, doc",machine readable
"pdf, zip",machine readable
"zip, pdf",machine readable
<U+0430>pi,unknown
7z doc,machine readable
"7z, xlsx, xls",machine readable
.DOC,machine readable
"csv, json",non-proprietary format
"xlsx, csv, doc",machine readable
Exel,machine readable
Excel (.xlsx),machine readable
Word,machine readable
"pdf, csv",non-proprietary format
<U+0425><U+041B>,unknown
exl,machine readable
view,unknown
dox,unknown
<U+0440>df,unknown
xls xlsx doc,machine readable
DOC(X),machine readable
winrar zip archive (.zip),unknown
XLSL,machine readable
WinRAR ZIP archive (.zip),unknown
doc (x),machine readable
xls (x),machine readable
"odt, xml.zip",non-proprietary format
.<U+0445>lsx,unknown
https,non-proprietary format
http://old.data.gov.ua/passport/0a7b7cf2-c108-4878-bb2b-61cf6300c45a,unknown
<U+0437><U+0432><U+0456><U+0442> <U+0437><U+0432><U+0435><U+0440><U+043D><U+0435><U+043D><U+043D><U+044F> 2018,unknown
xsl,machine readable
<U+043B><U+0438><U+0441><U+0442> microsoft office excel (.xlsx),machine readable
"XLSX, XLX",machine readable
http,non-proprietary format
<U+0425><U+041C>L,unknown
dfs,machine readable
XLXS,machine readable
xlsx.zip,machine readable
"xlsx, xlx",machine readable
xls doc pdf,machine readable
Compressed File (ZIP) (.zip),unknown
Excei,machine readable
els,unknown
"zip, xml, xls",machine readable
"zip,xlsx, docx",machine readable
docx.,machine readable
"zip, rtf",machine readable
CVS,non-proprietary format
.zip.xml.csv,non-proprietary format
"rtf, xml",non-proprietary format
"CSV, DOCX, ZIP",non-proprietary format
GIF,on the web
http://publications.europa.eu/mdr/resource/authority/file-type/GZIP,unknown
gezippte shape,unknown
gpx,non-proprietary format
WCS,machine readable
gezippte csv-dateien,unknown
SHAPE,RDF
shz,machine readable
tif,machine readable
tcx,machine readable
ovl,non-proprietary format
nas,non-proprietary format
QGIS,machine readable
ikt,unknown
crs,machine readable
SVG,non-proprietary format
www,non-proprietary format
sos,machine readable
dwg/dxf,machine readable
zip-datei,unknown
datexii,unknown
--,unknown
ics,non-proprietary format
data,unknown
xml/soap,non-proprietary format
arcgis,non-proprietary format
http://publications.europa.eu/resource/authority/file-type/XLSX,machine readable
http://publications.europa.eu/resource/authority/file-type/CSV,non-proprietary format
http://publications.europa.eu/resource/authority/file-type/XML,machine readable
http://publications.europa.eu/resource/authority/file-type/XLS,machine readable
http://publications.europa.eu/resource/authority/file-type/DOC,machine readable
http://publications.europa.eu/resource/authority/file-type/HTML,non-proprietary format
application/ld+json,RDF
http://publications.europa.eu/resource/authority/file-type/ZIP,unknown
http://publications.europa.eu/resource/authority/file-type/GeoJSON,non-proprietary format
http://publications.europa.eu/resource/authority/file-type/WMS_SRVC,machine readable
http://publications.europa.eu/resource/authority/file-type/PDF,machine readable
http://publications.europa.eu/resource/authority/file-type/ATOM,non-proprietary format
http://publications.europa.eu/resource/authority/file-type/REST,non-proprietary format
http://publications.europa.eu/resource/authority/file-type/TSV,non-proprietary format
ecw,machine readable
http://publications.europa.eu/resource/authority/file-type/KML,machine readable
http://publications.europa.eu/resource/authority/file-type/JSON,non-proprietary format
http://publications.europa.eu/resource/authority/file-type/GML,RDF
https://daten.berlin.de/schema/dist-format/wms,machine readable
https://daten.berlin.de/schema/dist-format/wfs,machine readable
http://publications.europa.eu/resource/authority/file-type/RSS,non-proprietary format
Webanwendung,unknown
Karte,unknown
Diverse,unknown
"xlsx,  csv",non-proprietary format
http://publications.europa.eu/resource/authority/file-type/TXT,non-proprietary format
http://publications.europa.eu/resource/authority/file-type/ODS,machine readable
http://publications.europa.eu/resource/authority/file-type/KMZ,machine readable
sonstiges,unknown
image/vnd.dxf,unknown
XSD-Beschreibungsdatei f�r die XML-Datei,unknown
http://publications.europa.eu/resource/authority/file-type/SHP,RDF
http://publications.europa.eu/resource/authority/file-type/WMS,machine readable
http://publications.europa.eu/resource/authority/file-type/GEOJSON,non-proprietary format
http://publications.europa.eu/resource/authority/file-type/WFS,machine readable
http://publications.europa.eu/resource/authority/file-type/ECW,machine readable
http://publications.europa.eu/resource/authority/file-type/TIFF,machine readable
http://publications.europa.eu/resource/authority/file-type/WCS,machine readable
http://publications.europa.eu/resource/authority/file-type/WMSC,machine readable
http://publications.europa.eu/resource/authority/file-type/WMTS,machine readable
sgml,non-proprietary format
ert,machine readable
Turtle,RDF
citygml,non-proprietary format
ov2,machine readable
ascii,non-proprietary format
https://www.iana.org/assignments/media-types/application/gml+xml,unknown
dxf,machine readable
"XLSX, HTML, PDF",machine readable
PDF-Schema,machine readable
"CSV, XLSX, XML",machine readable
http ,non-proprietary format
rest-api,non-proprietary format
pdf ,machine readable
DATA,unknown
wsdl,non-proprietary format
ogc/wms,non-proprietary format
ogc/wfs,non-proprietary format
ogc/sos,non-proprietary format
JS,non-proprietary format
" shp, gml, geojson, csv",non-proprietary format
SHAPEFILE,RDF
SERVICE,unknown
JPG,on the web
ESRI ArcInfo ASCII GRID,non-proprietary format
PostGIS Layer,non-proprietary format
"Text (.csv), comma separated",non-proprietary format
INTERLIS,non-proprietary format
Online DB,non-proprietary format
.asc),non-proprietary format
DXF (.dxf),rdf
Comma separated text (.csv),non-proprietary format
WORLDFILE,non-proprietary format
.jgw),non-proprietary format
LAZ (.laz),machine readable
MULTI,unknown
GPKG,non-proprietary format
REST,non-proprietary format
YAML,non-proprietary format
vnd.google-earth.kml+xml,machine readable
swp,non-proprietary format
REST API,non-proprietary format
yaml,non-proprietary format
octet-stream,non-proprietary format
MULTIFORMAT,unknown
gml+xml,non-proprietary format
htm ,non-proprietary format
aspx,non-proprietary format
metadata / get,unknown
xls / zip,machine readable
web feature service (wfs),machine readable
web map service (wms),machine readable
"wfs, wms",machine readable
ostali,unknown
detalji,unknown
detaljnije informacije,unknown
search,unknown
xls ,machine readable
web,unknown
axd,non-proprietary format
csv ,non-proprietary format
htm,non-proprietary format
xlsx ,machine readable
 / csv,non-proprietary format
 / PDF,machine readable
 CSV,non-proprietary format
".kml, .tab, .csv, .shp",non-proprietary format
.xlxs,machine readable
.xsl,machine readable
0_V2 / PDF,machine readable
01 / 2015 / csv,non-proprietary format
01 / 2015 / CSV,non-proprietary format
01 / 2015_0 / csv,non-proprietary format
01 / 2016 / csv,non-proprietary format
01 / 2016 / CSV,non-proprietary format
01 / 2017 / CSV,non-proprietary format
02 / 2015 / csv,non-proprietary format
02 / 2015 / CSV,non-proprietary format
02 / 2016 / csv,non-proprietary format
02 / 2016 / CSV,non-proprietary format
02 / 2017 / CSV,non-proprietary format
03 / 2015 / csv,non-proprietary format
03 / 2015 / CSV,non-proprietary format
03 / 2016 / csv,non-proprietary format
03 / 2016 / CSV,non-proprietary format
03 / 2017 / CSV,non-proprietary format
04 / 2015 / csv,non-proprietary format
04 / 2016 / csv,non-proprietary format
04 / 2016 / CSV,non-proprietary format
04 / 2017 / CSV,non-proprietary format
05 / 2015 / csv,non-proprietary format
05 / 2017 / CSV,non-proprietary format
06 / 2014_0 / CSV,non-proprietary format
06 / 2015 / csv,non-proprietary format
06 / 2015 / CSV,non-proprietary format
06 / 2016 / CSV,non-proprietary format
06 / 2017 / CSV,non-proprietary format
07 / 2015 / csv,non-proprietary format
07 / 2016 / CSV,non-proprietary format
07 / 2017 / CSV,non-proprietary format
08 / 2014 / CSV,non-proprietary format
08 / 2015 / csv,non-proprietary format
08 / 2016 / CSV,non-proprietary format
08 / 2017 / CSV,non-proprietary format
09 / 2015 / CSV,non-proprietary format
1 / 15 / CSV,non-proprietary format
1 / CSV,non-proprietary format
1 / ODS,machine readable
1 / PDF,machine readable
1 / XLS,machine readable
10 / 2014 / csv,non-proprietary format
10 / 2014 / CSV,non-proprietary format
10 / 2015 / csv,non-proprietary format
10 / 2015 / CSV,non-proprietary format
10 / 2016 / CSV,non-proprietary format
11 / 2013 / CSV,non-proprietary format
11 / 2014 / csv,non-proprietary format
11 / 2014 / CSV,non-proprietary format
11 / 2014_0 / CSV,non-proprietary format
11 / 2015 / csv,non-proprietary format
11 / 2016 / CSV,non-proprietary format
11 / 2017 / CSV,non-proprietary format
12 / 2014 / csv,non-proprietary format
12 / 2014 / CSV,non-proprietary format
12 / 2015 / csv,non-proprietary format
12 / 2015 / CSV,non-proprietary format
12 / 2016 / CSV,non-proprietary format
2 / PDF,machine readable
3DS,machine readable
application/gml+xml,non-proprietary format
application/json; charset=utf-8,non-proprietary format
application/pdf;charset=UTF-8,machine readable
application/vnd.ms-excel.sheet.binary.macroenabled.12,machine readable
application/vnd.ms-excel.sheet.binary.macroEnabled.12,machine readable
application/vnd.ms-excel.sheet.macroenabled.12,machine readable
application/vnd.ms-excel.sheet.macroEnabled.12,machine readable
application/vnd.ms-office,machine readable
application/x-www-form-urlencoded; charset=utf-8,unknown
ArcGIS Online Map,non-proprietary format
ASCII Grid,non-proprietary format
ASHX,non-proprietary format
ATCO.CIF,non-proprietary format
Atom Feed,non-proprietary format
audio/x-wav,non-proprietary format
BIN,machine readable
binary/octet-stream,non-proprietary format
cav,machine readable
CFM,machine readable
cif,machine readable
crv,machine readable
cs,non-proprietary format
csa,unknown
csv  ,non-proprietary format
"csv 	",non-proprietary format
csv (zip),non-proprietary format
CSV (zip),non-proprietary format
CSV / CSV,non-proprietary format
csv / pdf,non-proprietary format
CSV feed,non-proprietary format
csv file,non-proprietary format
csv/zip,non-proprietary format
CSV/Zip,non-proprietary format
CSV/ZIP,non-proprietary format
csw,machine readable
CVC,machine readable
database,unknown
Database,unknown
dataset,unknown
Datex II,non-proprietary format
DO,non-proprietary format
dSV,machine readable
Esri Grid,machine readable
esri shape,machine readable
ESRI Shape,machine readable
Flash,machine readable
GeoRSS,non-proprietary format
Geosoft Grid,machine readable
GML / zip,RDF
H,unknown
HMTL,non-proprietary format
HTLM,non-proprietary format
HTML ,non-proprietary format
"html, csv",non-proprietary format
"html, xml",non-proprietary format
HTML+RDFa,RDF
HTML5,non-proprietary format
HTMLHTML,non-proprietary format
KML ,machine readable
kmx,machine readable
LAS,machine readable
LAZ,machine readable
LPK,machine readable
MapInfo,unknown
MapInfo TAB,unknown
Maps,unknown
MAX,machine readable
message/rfc822,unknown
MIF,machine readable
MP4,non-proprietary format
ms word,machine readable
obj,machine readable
OBJ,machine readable
OD / ODS,non-proprietary format
ODP,non-proprietary format
OGC WFS,machine readable
OGC WMS,machine readable
pd,unknown
PDF / PDF,machine readable
pdf / zip,machine readable
"pdf, xls",machine readable
pdf/word,machine readable
php,non-proprietary format
PHP,non-proprietary format
PY,non-proprietary format
R,non-proprietary format
RDFa,RDF
RDFA,RDF
RTF / PDF,machine readable
SDMX,non-proprietary format
shtml,non-proprietary format
SHTML,non-proprietary format
SketchUp Model,unknown
SKOS RDF,RDF
SPARQL,RDF
SPARQL web form,RDF
spss,machine readable
SPSS,machine readable
SQL,non-proprietary format
tab-d,unknown
text,non-proprietary format
Text,non-proprietary format
text/csv; charset=UTF-8,non-proprietary format
text/html; charset=iso-8859-1,non-proprietary format
text/html; charset=ISO-8859-1,non-proprietary format
text/html; charset=utf-8,non-proprietary format
text/html; charset=UTF-8,non-proprietary format
text/html;charset=ISO-8859-1,non-proprietary format
text/html;charset=utf-8,non-proprietary format
text/html;charset=UTF-8,non-proprietary format
text/PDF,machine readable
text/plain; charset=utf-8,non-proprietary format
text/rtf,non-proprietary format
text/xml; charset=utf-8,non-proprietary format
TFW,machine readable
txt / gz,non-proprietary format
TXT / GZ,non-proprietary format
txt/plain,non-proprietary format
ViewService,unknown
VSV,machine readable
WAF,machine readable
web-optimised PDF,machine readable
Web application,unknown
weblink,unknown
webpage,unknown
Webpage,unknown
Webpage ,unknown
Website containing data files,unknown
wep page,unknown
xls / xlsx,machine readable
"xls, csv, ods",machine readable
xlsm,machine readable
xlw,machine readable
XLX,machine readable
xml (tgz file),non-proprietary format
xml / html / tab / zip,non-proprietary format
XSLT,non-proprietary format
xSV,non-proprietary format
zip-kml,machine readable
zip / csv,non-proprietary format
zip / xlsm,non-proprietary format
ZIP / ZIP,unknown
zip file containing csv files,non-proprietary format
ZIP/CSV,non-proprietary format
.bil,non-proprietary format
.TIFF,machine readable
asc,machine readable
asmx,machine readable
binary,unknown
csv-datei,non-proprietary format
csv (wfs),non-proprietary format
csv (wfs)       ,non-proprietary format
e-mail,unknown
esri compact cache,machine readable
file,unknown
"g7t, gpx, kmz, ovl, plt, tk, trk",unknown
georss (wms),non-proprietary format
georss (wms)    ,non-proprietary format
ger,machine readable
"gif, wld",on the web
glg,machine readable
gml    ,non-proprietary format
gml (sf-0),non-proprietary format
gml (wfs),non-proprietary format
gml (wfs)       ,non-proprietary format
gpx ,non-proprietary format
gsb,non-proprietary format
"html, pdf",machine readable
jp2,on the web
json (wfs),non-proprietary format
json (wfs)      ,non-proprietary format
"json, xml",non-proprietary format
kml (wms),machine readable
kml (wms)       ,machine readable
mbtiles,machine readable
mid,non-proprietary format
ogc,machine readable
oracle dump,machine readable
ordner,unknown
point-shp,RDF
polygone-shp,RDF
qlr,non-proprietary format
quakeml,non-proprietary format
rss + xml,non-proprietary format
rss+xml,non-proprietary format
scv,machine readable
shape (wfs),RDF
shape (wfs)     ,RDF
shapefile (mgi austria gk west),RDF
shapefile (wgs),RDF
"shp, mxd, zip",RDF
sld,machine readable
stationxml,non-proprietary format
sup,machine readable
sv,machine readable
svg+xml,non-proprietary format
tiff+zip,machine readable
wfs getcapabilities,unknown
wmts getcapabilities,unknown
xcl,unknown
"xls, pdf",machine readable
xml / json,non-proprietary format
"zip, shp",RDF
.rar,machine readable
application/javascript,non-proprietary format
application/vnd.openxmlformats-officedocument.spreadsheetml.template,unknown
application/x-koan,unknown
ArcGIS geodatabase,non-proprietary format
dockx,machine readable
hjemmeside,unknown
link,unknown
Link,unknown
Msg,unknown
osm,machine readable
pbf,non-proprietary format
skp,machine readable
xla,machine readable
XYZ,machine readable
