Address,Content,Size (bytes),IMG Inlinks,Indexability,Indexability Status,alt_present
https://data.gov.ie/img/ods1.png,image/png,585827,1,Indexable,,0
https://data.gov.ie/img/footer_white_logo_2.png,image/png,68451,11915,Indexable,,0
https://data.gov.ie/img/derilinxthumb.png,image/png,5186,11915,Indexable,,1
https://data.gov.ie/img/ckan-logo.png,image/png,3690,11915,Indexable,,1
https://data.gov.ie/img/edp_map.png,image/png,115564,1,Indexable,,0
https://data.gov.ie/img/showcase_header.jpg,image/jpeg,437510,1,Indexable,,0
https://data.gov.ie/img/org_logos/companies-registration-office.png,image/png,619402,5,Indexable,,0
https://data.gov.ie/img/org_logos/commission-for-communications-regulation.png,image/png,5539,5,Indexable,,0
https://data.gov.ie/img/org_logos/department-of-children-and-youth-affairs.png,image/png,827596,5,Indexable,,0
https://data.gov.ie/img/org_logos/department-of-communications-climate-action-and-environment.png,image/png,184285,5,Indexable,,0
https://data.gov.ie/uploads/group/2018-10-31-171434.355231Charities-Regulator-logo-Master.jpg,image/jpeg,867119,5,Indexable,,0
https://data.gov.ie/img/org_logos/department-of-education-and-skills.png,image/png,35626,5,Indexable,,0
https://data.gov.ie/img/org_logos/an-garda-siochana.png,image/png,29601,5,Indexable,,0
https://data.gov.ie/img/org_logos/department-of-agriculture-food-and-the-marine.png,image/png,35778,5,Indexable,,0
https://data.gov.ie/img/org_logos/department-of-jobs-enterprise-and-innovation.png,image/png,10385,5,Indexable,,0
https://data.gov.ie/uploads/showcase/2018-04-23-074818.862073logo-with-liftshare-sign.png,image/png,23274,1,Indexable,,1
https://data.gov.ie/uploads/showcase/2018-04-23-074736.144084logo.png,image/png,33011,3,Indexable,,1
https://data.gov.ie/uploads/showcase/2018-03-07-105159.750422AmharcoirPleanalaTeanga.png,image/png,1873854,4,Indexable,,1
https://data.gov.ie/uploads/showcase/2018-04-23-074645.239297showcase.jpg,image/jpeg,218416,3,Indexable,,1
https://data.gov.ie/uploads/showcase/2018-03-13-105004.9390242018-03-07-110607.548539CRimeRecordsApp.png,image/png,225664,3,Indexable,,1
https://data.gov.ie/uploads/showcase/2019-03-26-135348.768324shutterstock1259109283.jpg,image/jpeg,238835,4,Indexable,,1
https://data.gov.ie/uploads/showcase/2018-03-23-172300.297338Dashboard-Screenshot.PNG,image/png,119013,7,Indexable,,1
https://data.gov.ie/img/org_logos/bord-iascaigh-mhara.png,image/png,163962,5,Indexable,,0
https://data.gov.ie/uploads/showcase/2018-03-07-110423.708337DiscoverKells.png,image/png,218139,3,Indexable,,1
https://data.gov.ie/img/org_logos/benefacts.png,image/png,31166,5,Indexable,,0
https://data.gov.ie/uploads/showcase/2018-03-07-110753.717584MarineAtlas.png,image/png,466247,3,Indexable,,1
https://data.gov.ie/img/jnb_4_screenshot.png,image/png,214657,1,Indexable,,0
https://data.gov.ie/img/jnb_3_screenshot.png,image/png,251985,1,Indexable,,0
https://data.gov.ie/img/jnb_2_screenshot.png,image/png,142985,1,Indexable,,0
https://data.gov.ie/img/jnb_1_screenshot.png,image/png,152581,1,Indexable,,0
https://data.gov.ie/uploads/showcase/2018-08-28-114520.953889social-houses-completed.png,image/png,109183,4,Indexable,,1
https://data.gov.ie/uploads/showcase/2018-04-23-074318.627323WYMG-Twitter-Image-300x150.jpg,image/jpeg,32092,4,Indexable,,1
https://data.gov.ie/uploads/showcase/2018-05-22-082829.038201heritagemaps.png,image/png,29876,10,Indexable,,1
https://data.gov.ie/img/org_logos/central-applications-office.png,image/png,1556,5,Indexable,,0
https://data.gov.ie/img/org_logos/all-island-research-observatory.png,image/png,138640,5,Indexable,,0
https://data.gov.ie/img/org_logos/cork-city-council.png,image/png,146177,5,Indexable,,0
https://data.gov.ie/uploads/showcase/2018-04-23-074507.198217Title.png,image/png,499598,3,Indexable,,1
https://data.gov.ie/uploads/group/2018-06-26-153653.371228CSO-Full-Colour-Logo-RGB-transparent-12cm.png,image/png,66401,5,Indexable,,0
https://data.gov.ie/uploads/showcase/2018-04-23-105655.886083portal-logo.png,image/png,16676,3,Indexable,,1
https://data.gov.ie/uploads/group/2019-01-09-170656.887260Department-of-Culture-Heritage--the-Gaeltacht-logo-Colour.png,image/png,114943,5,Indexable,,0
https://data.gov.ie/img/org_logos/commission-for-energy-regulation.png,image/png,30749,5,Indexable,,0
https://data.gov.ie/img/org_logos/commissioners-of-irish-lights.png,image/png,38651,5,Indexable,,0
https://data.gov.ie/img/org_logos/central-bank-of-ireland.png,image/png,5518,5,Indexable,,0
https://data.gov.ie/uploads/group/2019-05-30-153026.309762Valuation-Office-Logo-2019.jpg,image/jpeg,24560,14,Indexable,,1
https://data.gov.ie/uploads/page_images/2018-12-06-130648.663141Screenshot-2018-12-06-at-13.06.37.png,image/png,1690173,1,Indexable,,0
https://data.gov.ie/assets/img/doc-strategic-goals.png,image/png,140541,1,Indexable,,1
https://data.gov.ie/uploads/page_images/2019-05-28-141345.364873figure-2.png,image/png,2521057,1,Indexable,,0
https://data.gov.ie/assets/img/doc-policy.png,image/png,66959,1,Indexable,,1
https://data.gov.ie/uploads/page_images/2018-12-11-002642.026127mission.png,image/png,432821,1,Indexable,,0
https://data.gov.ie/uploads/page_images/2019-06-06-152048.134901Hackathon.jpg,image/jpeg,676987,1,Indexable,,0
https://data.gov.ie/uploads/group/2018-03-20-204715.246618National-Transport-Authority.jpg,image/jpeg,109097,4,Indexable,,1
https://data.gov.ie/uploads/page_images/2019-05-28-144225.922530Figure-11.png,image/png,1669537,1,Indexable,,0
https://data.gov.ie/img/org_logos/galway-county-council.png,image/png,71176,4,Indexable,,1
https://data.gov.ie/uploads/page_images/2019-04-04-154059.917432envs.jpg,image/jpeg,35685,1,Indexable,,0
https://data.gov.ie/uploads/page_images/2019-05-28-143659.912875figure-4.png,image/png,1892780,1,Indexable,,0
https://data.gov.ie/uploads/page_images/2019-04-10-124520.9097313d-hack-launch-last-1.png,image/png,892385,1,Indexable,,0
https://data.gov.ie/uploads/page_images/2019-03-04-114440.193130School-information-map.png,image/png,262968,1,Indexable,,0
https://data.gov.ie/img/org_logos/revenue-commissioners.png,image/png,38195,4,Indexable,,1
https://data.gov.ie/uploads/page_images/2018-12-11-004220.358385UKworkshop.png,image/png,109433,1,Indexable,,0
https://data.gov.ie/img/org_logos/galway-city-council.png,image/png,22792,4,Indexable,,1
https://data.gov.ie/uploads/page_images/2019-01-31-153445.924846Laura-Ferris-2.jpg,image/jpeg,34538,1,Indexable,,0
https://data.gov.ie/uploads/page_images/2018-12-11-003258.448232EDP-IE2.png,image/png,295495,1,Indexable,,0
https://data.gov.ie/uploads/page_images/2018-12-11-002314.710684Screenshot-2018-12-11-at-00.11.53.png,image/png,1446856,1,Indexable,,0
https://data.gov.ie/uploads/page_images/2019-06-11-153026.890433DSC0033-Orientation-002.jpg,image/jpeg,3932137,1,Indexable,,0
https://data.gov.ie/uploads/page_images/2018-12-11-003322.349508Screenshot-2018-12-11-at-00.15.47.png,image/png,1395237,1,Indexable,,0
https://data.gov.ie/assets/img/doc-five-star-steps.png,image/png,62196,1,Indexable,,1
https://data.gov.ie/uploads/page_images/2019-06-12-151244.754176opendatabanner.png,image/png,27397,1,Indexable,,0
https://data.gov.ie/uploads/page_images/2018-12-06-130745.157903Screenshot-2018-12-06-at-11.18.49.png,image/png,666166,1,Indexable,,0
https://data.gov.ie/uploads/page_images/2019-05-28-143744.513271figure-5.png,image/png,2641351,1,Indexable,,0
https://data.gov.ie/img/org_logos/oireachtas.png,image/png,43980,4,Indexable,,1
https://data.gov.ie/uploads/group/2018-05-14-134933.396456New-ME-logo-Final-Neris-Font-outlined-Revised.jpg,image/jpeg,171494,245,Indexable,,1
https://data.gov.ie/uploads/page_images/2019-04-29-130509.937251OpenDataHackathonCIT.PNG,image/png,68913,1,Indexable,,0
https://data.gov.ie/uploads/page_images/2018-12-11-003221.920026EDP-IE.png,image/png,268947,1,Indexable,,0
https://data.gov.ie/uploads/page_images/2019-05-28-143447.705878Figure-3.png,image/png,3246861,1,Indexable,,0
https://data.gov.ie/uploads/page_images/2018-12-06-130826.362595Screenshot-2018-12-06-at-11.19.41.png,image/png,344080,1,Indexable,,0
https://data.gov.ie/uploads/page_images/2019-05-28-144305.725613figure-12.png,image/png,2072541,1,Indexable,,0
https://data.gov.ie/uploads/page_images/2019-03-04-122025.940510developers-corner.png,image/png,127150,1,Indexable,,0
https://data.gov.ie/uploads/page_images/2019-02-05-165535.480747love-data-week.png,image/png,157455,1,Indexable,,0
https://data.gov.ie/uploads/page_images/2018-12-06-130852.561402Screenshot-2018-12-06-at-11.20.12.png,image/png,345666,1,Indexable,,0
https://data.gov.ie/uploads/group/2018-05-24-132231.386559HOusing-logo.png,image/png,26019,5,Indexable,,1
https://data.gov.ie/img/org_logos/health-service-executive.png,image/png,197019,4,Indexable,,1
https://data.gov.ie/uploads/page_images/2018-08-31-115335.044109GeoVis.png,image/png,18815,1,Indexable,,0
https://data.gov.ie/uploads/group/2018-05-24-132338.206766PublicExpenditureMARKMASTERStdColour.png,image/png,108925,5,Indexable,,1
https://data.gov.ie/uploads/group/2019-04-08-121929.387228Clare-Co-Co.jpg,image/jpeg,44247,4,Indexable,,1
https://data.gov.ie/uploads/group/2018-11-20-135331.231112Residentail-Tenancies-Board.png,image/png,16314,4,Indexable,,1
https://data.gov.ie/img/org_logos/transport-infrastructure-ireland.png,image/png,70611,4,Indexable,,1
https://data.gov.ie/uploads/group/2019-06-17-153818.907806Sized-Logo.jpg,image/jpeg,29824,4,Indexable,,1
https://data.gov.ie/uploads/group/2018-10-08-151540.586601PSI-Irish-Logo-Colour-sml.jpg,image/jpeg,18067,7,Indexable,,1
https://data.gov.ie/img/org_logos/ordnance-survey-ireland.png,image/png,79627,4,Indexable,,1
https://data.gov.ie/uploads/group/2019-02-21-172631.346649logo-wicklow-english-strapline.svg,image/svg+xml,6684,12,Indexable,,1
https://data.gov.ie/uploads/group/2019-04-11-090230.077213new-DEASP-logo.PNG,image/png,102521,4,Indexable,,1
https://data.gov.ie/uploads/group/2018-09-17-093353.295400logo.gif,image/gif,4568,4,Indexable,,1
https://data.gov.ie/img/org_logos/environmental-protection-agency.png,image/png,3995,4,Indexable,,1
https://data.gov.ie/uploads/group/2018-05-23-084732.222199KCCMainHeading.jpg,image/jpeg,13390,6,Indexable,,1
https://data.gov.ie/img/org_logos/department-of-transport-tourism-and-sport.png,image/png,163459,4,Indexable,,1
https://data.gov.ie/img/org_logos/national-biodiversity-data-centre.png,image/png,6881,4,Indexable,,1
https://data.gov.ie/uploads/group/2019-02-18-153056.477082Screenshot-2019-02-17-at-22.49.42.png,image/png,70939,4,Indexable,,1
https://data.gov.ie/uploads/group/2018-05-25-083325.686111GSI.png,image/png,61838,4,Indexable,,1
https://data.gov.ie/uploads/group/2018-07-20-115136.697420hpra-logo.jpg,image/jpeg,10992,4,Indexable,,1
https://data.gov.ie/img/org_logos/isde.png,image/png,32178,4,Indexable,,1
https://data.gov.ie/img/org_logos/south-dublin-county-council.png,image/png,163230,4,Indexable,,1
https://data.gov.ie/img/org_logos/fingal-county-council.png,image/png,8545,4,Indexable,,1
https://data.gov.ie/img/org_logos/dun-laoghaire-rathdown-county-council.png,image/png,8953,4,Indexable,,1
